schema:category,schema:provider,kuma:type,schema:name,kuma:confirmedTime,schema:description,schema:comment,schema:latitude,schema:longitude,schema:url
https://code4sabae.github.io/kuma/,鯖江市役所 農林振興グループTEL：0778-53-2232,目撃情報,令和2年9月26日土曜日　クマ情報（戸口町）,2020-09-26T08:50,戸口町の乗誓寺北側の観音堂付近の畑で子グマ1頭の目撃情報がありました,親グマが付近にいる可能性がありますので、外出の際は十分に注意してください。,35.954509,136.246825,https://www.city.sabae.fukui.jp/anzen_anshin/chojuhigaitaisaku/kuma-taisaku/kumasyutubotu/NoSeisaku0120200926.html
https://code4sabae.github.io/kuma/,鯖江市役所 農林振興グループTEL：0778-53-2232,目撃情報,クマ出没情報　令和元年10月29日（火曜日）,2019-10-29T17:00,上戸口町集落東側の柿の木にクマの痕跡（食痕、爪痕、枝折れ、糞）あり,クマが執着しています。草刈りや柿の収穫など管理をお願いします。山際の電気柵の管理を12月ごろまで延長してください。,35.969336,136.257633,https://www.city.sabae.fukui.jp/anzen_anshin/chojuhigaitaisaku/kuma-taisaku/kumasyutubotu/NoSeisaku01201910300.html
https://code4sabae.github.io/kuma/,鯖江市役所 農林振興グループTEL：0778-53-2232,痕跡情報,クマ痕跡情報　令和2年11月10日（火曜日）（東清水町）,2020-11-10T11:00,東清水町の民家の柿の木でクマの痕跡（爪痕）を確認しました,外出の際は十分に注意してください,35.950222,136.288995,https://www.city.sabae.fukui.jp/anzen_anshin/chojuhigaitaisaku/kuma-taisaku/kumasyutubotu/202011101.html
https://code4sabae.github.io/kuma/,鯖江市役所 農林振興グループTEL：0778-53-2232,目撃情報,クマ出没情報　令和2年10月1日（木曜日）（河和田町）,2020-10-01T14:00,河和田町の集落東側の山際で子グマ1頭の目撃情報がありました。,近くに親グマもいる可能性があります。外出の際は十分に注意してください。,35.952239,136.271313,https://www.city.sabae.fukui.jp/anzen_anshin/chojuhigaitaisaku/kuma-taisaku/kumasyutubotu/NoSeisaku20201001.html
https://code4sabae.github.io/kuma/,鯖江市役所 農林振興グループTEL：0778-53-2232,目撃情報,クマ出没情報　令和2年10月8日（木曜日）（金谷町） ,2020-10-08T18:25,金谷町妙楽寺付近でクマ1頭（成獣）が市道を歩いているという目撃情報がありました。,近くに潜んでいる可能性があります。外出の際は十分に注意してください。,35.965107,136.284321,https://www.city.sabae.fukui.jp/anzen_anshin/chojuhigaitaisaku/kuma-taisaku/kumasyutubotu/NoSeisaku20201008-2.html
https://code4sabae.github.io/kuma/,鯖江市役所 農林振興グループTEL：0778-53-2232,目撃場所,クマ出没情報　令和元年10月23日（水曜日）,2019-10-23T06:15,上戸口町北側正源寺北側付近と、集落東側の柿の木にクマの痕跡（食痕、爪痕、枝折れ、糞）あり,周辺に出没する可能性がありますので注意してください。また、早めに柿の収穫をお願いします。,,,https://www.city.sabae.fukui.jp/anzen_anshin/chojuhigaitaisaku/kuma-taisaku/kumasyutubotu/NoSeisaku0120191023.html
https://code4sabae.github.io/kuma/,鯖江市役所 農林振興グループTEL：0778-53-2232,痕跡情報,クマ痕跡情報　令和2年10月20日（火曜日）（上戸口町）,2020-10-20T09:30,中戸口町と上戸口町の境界付近の柿の木でクマの痕跡（食痕、爪痕、糞）を確認しました,外出の際は十分に注意してください,35.965231,136.248384,https://www.city.sabae.fukui.jp/anzen_anshin/chojuhigaitaisaku/kuma-taisaku/kumasyutubotu/NoSeisaku20201020-2.html
https://code4sabae.github.io/kuma/,鯖江市役所 農林振興グループTEL：0778-53-2232,出没情報,クマ出没情報　令和2年10月24日（土曜日）（河和田町）,2020-10-24T02:00,河和田町の天神橋付近の路上でクマ1頭（成獣1頭）の目撃情報がありました,外出の際は十分に注意してください,35.948825,136.268644,https://www.city.sabae.fukui.jp/anzen_anshin/chojuhigaitaisaku/kuma-taisaku/kumasyutubotu/NoSeisaku0120201024.html
https://code4sabae.github.io/kuma/,鯖江市役所 農林振興グループTEL：0778-53-2232,痕跡情報,クマ痕跡情報　令和2年10月24日（土曜日）（上戸口町）,2020-10-24T15:30,上戸口町72字の民家の柿の木でクマの痕跡（枝折れ）を確認しました,外出の際は十分に注意してください,35.966501,136.249341,https://www.city.sabae.fukui.jp/anzen_anshin/chojuhigaitaisaku/kuma-taisaku/kumasyutubotu/NoSeisaku01202010243.html
https://code4sabae.github.io/kuma/,鯖江市役所 農林振興グループTEL：0778-53-2232,痕跡情報,クマ痕跡情報　令和2年10月12日（月曜日）（片山町）,2020-10-12T11:00,片山町八幡神社付近の住宅敷地内の柿の木で食痕、爪痕、枝折れ、糞を確認しました,外出の際は十分に注意してください。なお、痕跡発見をうけて地元集落による当該柿の木の摘果作業が行われました。,35.9491974,136.276168,https://www.city.sabae.fukui.jp/anzen_anshin/chojuhigaitaisaku/kuma-taisaku/kumasyutubotu/NoSeisaku0120201012.html
https://code4sabae.github.io/kuma/,鯖江市役所 農林振興グループTEL：0778-53-2232,目撃情報,クマ出没情報　令和元年11月11日（月曜日）,2019-11-11,河和田小学校南西にある片山町の山際で新たなクマの痕跡（柿の木の食痕、爪痕、枝折れ）あり,クマの目撃情報や人身被害が多発しています。集落ぐるみで柿の収穫をお願いします。,35.950818,136.277274,https://www.city.sabae.fukui.jp/anzen_anshin/chojuhigaitaisaku/kuma-taisaku/kumasyutubotu/NoSeisaku0120191111.html
https://code4sabae.github.io/kuma/,鯖江市役所 農林振興グループTEL：0778-53-2232,目撃情報,クマ出没情報　令和2年9月9日（水曜日）,2020-09-09T19:00,中戸口町集落東側の山際の民家の裏庭で、　　　　　クマ1頭の目撃情報がありました。,入山の際は十分に注意してください。,35.960938,136.250278,https://www.city.sabae.fukui.jp/anzen_anshin/chojuhigaitaisaku/kuma-taisaku/kumasyutubotu/NoSeisaku0120200910.html
https://code4sabae.github.io/kuma/,鯖江市役所 農林振興グループTEL：0778-53-2232,目撃情報,クマ出没情報　令和2年3月4日（水曜日）,2020-03-04T08:30,鯖江市水落町1丁目白山神社の南西の西山公園遊歩道付近で、クマ（亜成獣）1頭の目撃情報がありました。,周辺に出没する可能性もありますので外出の際には十分注意してください。,35.957075,136.179616,https://www.city.sabae.fukui.jp/anzen_anshin/chojuhigaitaisaku/kuma-taisaku/kumasyutubotu/NoSeisaku2020030401.html
https://code4sabae.github.io/kuma/,鯖江市役所 農林振興グループTEL：0778-53-2232,目撃,クマ出没情報　平成29年7月3日（月曜日）,2017-07-03T13:30,【目撃】　日時：平成29年7月3日（月曜日）　午後1時30分頃　場所：上戸口町旧トンネル入り口付近　内容：クマ1頭（亜成獣）の目撃情報がありました。 　周辺に出没する可能性もありますので外出の際は注意してください。,,,,https://www.city.sabae.fukui.jp/anzen_anshin/chojuhigaitaisaku/kuma-taisaku/kumasyutubotu/NoSeisaku0120170703.html
https://code4sabae.github.io/kuma/,鯖江市役所 農林振興グループTEL：0778-53-2232,痕跡情報,クマ出没情報　令和2年10月20日（火曜日）（別司町） ,2020-10-19T18:00,別司町集落西側の山際付近の市道でクマ1頭（亜成獣1頭）の目撃情報がありました。,外出の際は十分に注意してください,35.949282,136.251953,https://www.city.sabae.fukui.jp/anzen_anshin/chojuhigaitaisaku/kuma-taisaku/kumasyutubotu/NoSeisaku20201020.html
https://code4sabae.github.io/kuma/,鯖江市役所 農林振興グループTEL：0778-53-2232,目撃情報,クマ出没情報　令和2年8月26日（水曜日）,2020-08-26T22:30,鯖江市西袋町中山公園西側の水田付近で、　　　　　クマ1頭（成獣）の目撃情報がありました。,外出の際には十分注意してください。,35.957290,136.277320,https://www.city.sabae.fukui.jp/anzen_anshin/chojuhigaitaisaku/kuma-taisaku/kumasyutubotu/NoSeisaku20200826.html
https://code4sabae.github.io/kuma/,鯖江市役所 農林振興グループTEL：0778-53-2232,目撃,クマ出没情報　平成30年10月24日（水曜日）,2018-10-24,くま目撃10月24日,,,,https://www.city.sabae.fukui.jp/anzen_anshin/chojuhigaitaisaku/kuma-taisaku/kumasyutubotu/NoSeisakukuma1024.html
https://code4sabae.github.io/kuma/,鯖江市役所 農林振興グループTEL：0778-53-2232,目撃情報,クマ出没情報　令和元年11月23日（土曜日）,2019-11-23T06:20,鯖江市中野町地籍の中河保育所東部の道路で、子グマらしきもの1頭を車ではねたとの情報がありました。,午前8時頃まで警察がパトロールを実施しましたが、痕跡等は発見できませんでした。外出の際は十分注意してください。,35.9544,136.2169,https://www.city.sabae.fukui.jp/anzen_anshin/chojuhigaitaisaku/kuma-taisaku/kumasyutubotu/NoSeisaku01201911232.html
https://code4sabae.github.io/kuma/,鯖江市役所 農林振興グループTEL：0778-53-2232,痕跡情報,クマ痕跡情報　令和2年9月14日（月曜日）,2020-09-14T16:00,上河内町集落北側の山際民家の裏庭にある栗の木でクマの痕跡（食痕、フン、爪痕）が確認されました。,栗・柿の木にクマが餌付いていますので、十分にご注意ください。事故防止のため、集落内にて痕跡情報等の速やかな共有をお願いします。,35.948118,136.311399,https://www.city.sabae.fukui.jp/anzen_anshin/chojuhigaitaisaku/kuma-taisaku/kumasyutubotu/NoSeisaku20200914.html
https://code4sabae.github.io/kuma/,鯖江市役所 農林振興グループTEL：0778-53-2232,痕跡情報,クマ痕跡情報　令和元年11月24日（日曜日）,2019-11-24,中河小学校南側住宅街の畑で子グマの痕跡（西向き足跡）が確認されました。,クマの目撃情報や人身被害が多発しています。外出する際は十分注意し、目撃した際は近づかないようにしてください。,35.952435,136.210170,https://www.city.sabae.fukui.jp/anzen_anshin/chojuhigaitaisaku/kuma-taisaku/kumasyutubotu/NoSeisaku0120191126.html
https://code4sabae.github.io/kuma/,鯖江市役所 農林振興グループTEL：0778-53-2232,痕跡情報,クマ出没情報　令和2年10月25日（日曜日）（西袋町）,2020-10-25,西袋町うるしの里会館北側、天神川沿いでクマの糞、カキの木に爪痕,夜間の外出は控えてください,35.954075,136.273154,https://www.city.sabae.fukui.jp/anzen_anshin/chojuhigaitaisaku/kuma-taisaku/kumasyutubotu/NoSeisaku0120201025.html
https://code4sabae.github.io/kuma/,鯖江市役所 農林振興グループTEL：0778-53-2232,痕跡情報,クマ痕跡情報　令和2年10月19日（月曜日）（中戸口町）,2020-10-19T17:10,中戸口町集落南側の柿の木でクマの痕跡（食痕、爪痕、糞）を確認しました,外出の際は十分に注意してください,35.958816,136.247851,https://www.city.sabae.fukui.jp/anzen_anshin/chojuhigaitaisaku/kuma-taisaku/kumasyutubotu/NoSeisaku01202010192.html
https://code4sabae.github.io/kuma/,鯖江市役所 農林振興グループTEL：0778-53-2232,痕跡情報,クマ痕跡情報　令和2年10月15日（木曜日）（落井町）,2020-10-15T14:00,落井町集落内の柿および栗の木でクマの痕跡（食痕、枝折れ）を確認しました,外出の際は十分に注意してください。,35.9539872,136.2375,https://www.city.sabae.fukui.jp/anzen_anshin/chojuhigaitaisaku/kuma-taisaku/kumasyutubotu/NoSeisaku01202010151.html
https://code4sabae.github.io/kuma/,鯖江市役所 農林振興グループTEL：0778-53-2232,目撃情報,クマ出没情報　令和2年10月16日（金曜日）（河和田町）,2020-10-16T19:30,河和田町12字付近（河和田町会館の北100m付近）でクマ1頭の目撃情報がありました。,付近の方は、十分に注意してください。,35.950686,136.269824,https://www.city.sabae.fukui.jp/anzen_anshin/chojuhigaitaisaku/kuma-taisaku/kumasyutubotu/NoSeisaku20201016.html
https://code4sabae.github.io/kuma/,鯖江市役所 農林振興グループTEL：0778-53-2232,出没情報,クマ出没情報　令和2年10月22日（木曜日）（西袋町） ,2020-10-22T16:25,西袋町の山際付近の住宅前でクマ1頭の目撃情報がありました,外出の際は十分に注意してください,35.952177,136.271980,https://www.city.sabae.fukui.jp/anzen_anshin/chojuhigaitaisaku/kuma-taisaku/kumasyutubotu/NoSeisaku20201022-2.html
https://code4sabae.github.io/kuma/,鯖江市役所 農林振興グループTEL：0778-53-2232,目撃情報,クマ出没情報　令和2年9月27日（日曜日）（戸口町）,2020-09-27T05:50,戸口町の集落北東の山際付近でクマの痕跡（枝折れ、食痕）情報が寄せられました。,外出の際は十分に注意してください。,35.954682,136.2465187,https://www.city.sabae.fukui.jp/anzen_anshin/chojuhigaitaisaku/kuma-taisaku/kumasyutubotu/NoSeisaku0120200927.html
https://code4sabae.github.io/kuma/,鯖江市役所 農林振興グループTEL：0778-53-2232,目撃情報,クマ出没情報　令和2年10月9日（金曜日）（上戸口町） ,2020-10-09,上戸口町集落東側公民館近くの柿の木に子グマ1頭,親グマが近くにいる可能性があります、十分気を付けてください。,35.971356,136.255844,https://www.city.sabae.fukui.jp/anzen_anshin/chojuhigaitaisaku/kuma-taisaku/kumasyutubotu/NoSeisaku0120201009.html
https://code4sabae.github.io/kuma/,鯖江市役所 農林振興グループTEL：0778-53-2232,目撃情報,クマ出没情報　令和元年11月1日（金曜日）,2019-11-01,上戸口町集落東側民家敷地の柿の木に新たなクマの痕跡（食痕、爪痕、枝折れ、糞）あり,繰り返しクマが柿に来ています。集落ぐるみで柿の収穫をお願いします。,35.969249,136.258097,https://www.city.sabae.fukui.jp/anzen_anshin/chojuhigaitaisaku/kuma-taisaku/kumasyutubotu/NoSeisaku0120191101.html
https://code4sabae.github.io/kuma/,鯖江市役所 農林振興グループTEL：0778-53-2232,対応,3月4日 長泉寺山遊歩道（西山公園北側の山中）でのクマ目撃情報への対応について（3月19日 立入制限解除）,2020-03-04,"
このページの担当にお問い合わせをする。
",,,,https://www.city.sabae.fukui.jp/anzen_anshin/chojuhigaitaisaku/kuma-taisaku/kumasyutubotu/NoSeisaku20200319.html
https://code4sabae.github.io/kuma/,鯖江市役所 農林振興グループTEL：0778-53-2232,目撃場所,クマ出没情報　令和元年10月13日（日曜日）,2019-10-13T09:30,上戸口町（有限会社）安藤建設西側の山際にある柿の木（2箇所）痕跡情報　食痕、爪痕、枝折れ、熊棚,周辺住民の皆様は十分に注意してください。,35.968202,136.247706,https://www.city.sabae.fukui.jp/anzen_anshin/chojuhigaitaisaku/kuma-taisaku/kumasyutubotu/NoSeisaku0120191013.html
https://code4sabae.github.io/kuma/,鯖江市役所 農林振興グループTEL：0778-53-2232,目撃情報,クマ出没情報　令和2年10月14日　水曜日　クマ情報　金谷町,2020-10-14T22:25,金谷町集落北側の民家近くで親グマ1頭子グマ1頭の目撃情報がありました。,外出の際は十分に注意してください。,35.9659781,136.2847618,https://www.city.sabae.fukui.jp/anzen_anshin/chojuhigaitaisaku/kuma-taisaku/kumasyutubotu/202010150830.html
https://code4sabae.github.io/kuma/,鯖江市役所 農林振興グループTEL：0778-53-2232,痕跡情報,クマ痕跡情報　令和2年10月27日（火曜日）（落井町）,2020-10-27T10:00,落井町河和田川沿いの民家の柿の木でクマの痕跡（糞、爪痕、枝折れ）を確認しました,外出の際は十分に注意してください,35.953064,136.240229,https://www.city.sabae.fukui.jp/anzen_anshin/chojuhigaitaisaku/kuma-taisaku/kumasyutubotu/NoSeisaku20201027.html
https://code4sabae.github.io/kuma/,鯖江市役所 農林振興グループTEL：0778-53-2232,目撃情報,クマ出没情報　令和2年9月21日（月曜日）（河和田町）,2020-09-21T18:40,河和田町明正寺西側の住宅敷地内の柿の木でクマ1頭（大きさ不明）の目撃情報がありました。,クマが近くに潜んでいる可能性があります。外出の際は十分に注意してください。,35.9504869,136.2681318,https://www.city.sabae.fukui.jp/anzen_anshin/chojuhigaitaisaku/kuma-taisaku/kumasyutubotu/NoSeisaku01202009212.html
https://code4sabae.github.io/kuma/,鯖江市役所 農林振興グループTEL：0778-53-2232,目撃情報,クマ出没情報　令和2年9月15日（火曜日）続報,2020-09-15T22:00,別司町山際の住宅敷地内の樹木上でクマ1頭（幼獣1頭）の目撃情報がありました。,同日、別司町内で別のクマ成獣1頭の出没が確認されています。外出の際は十分に注意してください。,35.9499473,136.2606779,https://www.city.sabae.fukui.jp/anzen_anshin/chojuhigaitaisaku/kuma-taisaku/kumasyutubotu/NoSeisaku0120200916.html
https://code4sabae.github.io/kuma/,鯖江市役所 農林振興グループTEL：0778-53-2232,痕跡情報,クマ痕跡情報　令和2年10月31日（土曜日）（落井町）,2020-10-31T17:20,河和田川沿いの集落内の柿の木でクマの痕跡（糞）を確認しました,外出の際は十分に注意してください,35.953870,136.232155,https://www.city.sabae.fukui.jp/anzen_anshin/chojuhigaitaisaku/kuma-taisaku/kumasyutubotu/NoSeisaku20201031.html
https://code4sabae.github.io/kuma/,鯖江市役所 農林振興グループTEL：0778-53-2232,痕跡情報,クマ痕跡情報　令和2年10月26日（月曜日）（落井町）2,2020-10-26T13:40,落井町集落内でクマの痕跡（糞）を確認しました,外出の際は十分に注意してください,35.953527,136.240665,https://www.city.sabae.fukui.jp/anzen_anshin/chojuhigaitaisaku/kuma-taisaku/kumasyutubotu/NoSeisaku20201026-2.html
https://code4sabae.github.io/kuma/,鯖江市役所 農林振興グループTEL：0778-53-2232,痕跡情報,クマ痕跡情報　令和2年10月7日（水曜日）（河和田町） ,2020-10-07T15:30,河和田町西側にある柿の木でクマの痕跡（フン、爪痕）が確認されました。,外出の際は十分に注意してください。,35.948516,136.264101,https://www.city.sabae.fukui.jp/anzen_anshin/chojuhigaitaisaku/kuma-taisaku/kumasyutubotu/NoSeisaku20201007.html
https://code4sabae.github.io/kuma/,鯖江市役所 農林振興グループTEL：0778-53-2232,痕跡情報,クマ痕跡情報　令和2年11月15日（日曜日）（川島町） ,2020-11-15T09:50,川島町の加多志波神社の境内で、クマの痕跡（爪痕、銀杏の糞）を確認しました,外出の際は十分に注意してください,35.945478,136.225284,https://www.city.sabae.fukui.jp/anzen_anshin/chojuhigaitaisaku/kuma-taisaku/kumasyutubotu/NoSeisaku20201115.html
https://code4sabae.github.io/kuma/,鯖江市役所 農林振興グループTEL：0778-53-2232,目撃情報,クマ出没情報　令和元年10月25日（金曜日）,2019-10-25T06:00,上戸口町集落東側の柿の木にクマの痕跡（食痕、爪痕、枝折れ、糞）あり,クマが再出没しています。早めに柿の収穫をするなど管理をお願いします。,35.969204,136.258457,https://www.city.sabae.fukui.jp/anzen_anshin/chojuhigaitaisaku/kuma-taisaku/kumasyutubotu/NoSeisaku0120191025.html
https://code4sabae.github.io/kuma/,鯖江市役所 農林振興グループTEL：0778-53-2232,目撃,クマ出没情報　平成29年9月15日（金曜日）,2017-09-15T05:45,農林振興グループTEL：0778-53-2232　0778-53-2233FAX：0778-51-8153農地管理グループTEL：0778-53-2234FAX：0778-51-8153鳥獣害のない里づくり推進センターTEL：0778-51-2110,,,,https://www.city.sabae.fukui.jp/anzen_anshin/chojuhigaitaisaku/kuma-taisaku/kumasyutubotu/NoSeisaku012019102.html
https://code4sabae.github.io/kuma/,鯖江市役所 農林振興グループTEL：0778-53-2232,痕跡情報,クマ痕跡情報　令和2年10月28日（水曜日）（落井町）,2020-10-28T11:00,落井町河和田川沿いのゲートボール場付近でクマの痕跡（糞）を確認しました,外出の際は十分に注意してください,35.952509,136.239043,https://www.city.sabae.fukui.jp/anzen_anshin/chojuhigaitaisaku/kuma-taisaku/kumasyutubotu/202010281.html
https://code4sabae.github.io/kuma/,鯖江市役所 農林振興グループTEL：0778-53-2232,痕跡情報,クマ痕跡情報　令和2年10月21日（水曜日）（乙坂今北町）,2020-10-21T19:00,乙坂今北町八幡神社付近の市道上でクマの痕跡（イチョウの糞）を確認しました,外出の際は十分に注意してください,35.962906,136.232156,https://www.city.sabae.fukui.jp/anzen_anshin/chojuhigaitaisaku/kuma-taisaku/kumasyutubotu/NoSeisaku0120201022.html
https://code4sabae.github.io/kuma/,鯖江市役所 農林振興グループTEL：0778-53-2232,目撃情報,クマ出没情報　令和2年10月20日（火曜日）（莇生田町）,2020-10-20T19:45,莇生田町と片山町の町境付近でクマ1頭の目撃情報がありました。,外出の際は十分に注意してください。,35.9474673,136.2756647,https://www.city.sabae.fukui.jp/anzen_anshin/chojuhigaitaisaku/kuma-taisaku/kumasyutubotu/NoSeisaku01202010212.html
https://code4sabae.github.io/kuma/,鯖江市役所 農林振興グループTEL：0778-53-2232,痕跡情報,クマ痕跡情報　令和2年10月14日（水曜日）（河和田町）,2020-10-14T11:00,河和田町集落内川沿いの柿の木でクマの痕跡（爪痕）を確認しました,外出の際は十分に注意してください。,35.950320,136.269358,https://www.city.sabae.fukui.jp/anzen_anshin/chojuhigaitaisaku/kuma-taisaku/kumasyutubotu/NoSeisaku020201014.html
https://code4sabae.github.io/kuma/,鯖江市役所 農林振興グループTEL：0778-53-2232,痕跡情報,クマ痕跡情報　令和元年12月9日（月曜日）,2019-12-08T10:00,片山町　八幡神社付近の柿の木で痕跡（爪あと、柿の食べ跡、枝折れ）が確認されました。,クマの目撃情報や人身被害が多発しています。外出する際は十分注意し、目撃した際は近づかないようにしてください。,35.949039,136.275938,https://www.city.sabae.fukui.jp/anzen_anshin/chojuhigaitaisaku/kuma-taisaku/kumasyutubotu/NoSeisaku0120191209.html
https://code4sabae.github.io/kuma/,鯖江市役所 農林振興グループTEL：0778-53-2232,痕跡情報,クマ痕跡情報　令和2年10月18日（日曜日）（別司町）,2020-10-18T13:20,別司町東部児童センター西側の住宅敷地内の柿の木でクマの痕跡（爪痕、糞）を確認しました,外出の際は十分に注意してください,35.948706,136.2565451,https://www.city.sabae.fukui.jp/anzen_anshin/chojuhigaitaisaku/kuma-taisaku/kumasyutubotu/NoSeisaku01202010182.html
https://code4sabae.github.io/kuma/,鯖江市役所 農林振興グループTEL：0778-53-2232,目撃情報,クマ出没情報　令和2年6月29日（月曜日） ,2020-06-29T08:30,鯖江市四方谷町地係の山際付近で、クマ（成獣）1頭の目撃情報がありました。,周辺に出没する可能性もありますので外出の際には十分注意してください。,35.9774862,136.217978,https://www.city.sabae.fukui.jp/anzen_anshin/chojuhigaitaisaku/kuma-taisaku/kumasyutubotu/NoSeisaku0629.html
https://code4sabae.github.io/kuma/,鯖江市役所 農林振興グループTEL：0778-53-2232,痕跡情報,クマ目撃情報　令和2年11月1日（日曜日）（上戸口町）,2020-11-01T19:25,上戸口町集落東側の路上で子グマ1頭の目撃情報がありました,親グマが付近にいる可能性がありますので、外出の際は十分に注意してください,35.971975,136.255501,https://www.city.sabae.fukui.jp/anzen_anshin/chojuhigaitaisaku/kuma-taisaku/kumasyutubotu/NoSeisaku01202011013.html
https://code4sabae.github.io/kuma/,鯖江市役所 農林振興グループTEL：0778-53-2232,目撃,クマ出没情報　平成29年11月28日（火曜日）,2017-11-28,農林振興グループTEL：0778-53-2232　0778-53-2233FAX：0778-51-8153農地管理グループTEL：0778-53-2234FAX：0778-51-8153鳥獣害のない里づくり推進センターTEL：0778-51-2110,,,,https://www.city.sabae.fukui.jp/anzen_anshin/chojuhigaitaisaku/kuma-taisaku/kumasyutubotu/NoSeisaku0120191024.html
https://code4sabae.github.io/kuma/,鯖江市役所 農林振興グループTEL：0778-53-2232,目撃情報,クマ出没情報　令和2年9月5日（土曜日）,2020-09-05T09:35,鯖江市戸口町乗誓寺北側の観音堂麓の交差点で、　　　　　クマ1頭（幼獣）の目撃情報がありました。,親グマが付近にいる可能性がありますので、外出の際には十分に注意してください。,35.9541766,136.2469514,https://www.city.sabae.fukui.jp/anzen_anshin/chojuhigaitaisaku/kuma-taisaku/kumasyutubotu/R20905bear.html
https://code4sabae.github.io/kuma/,鯖江市役所 農林振興グループTEL：0778-53-2232,目撃,クマ出没情報　平成29年7月11日（火曜日）,2017-07-11T16:15,【目撃】　日時：平成29年7月11日（火曜日）午後4時15分頃　場所：吉谷町青葉台のテニスコート付近　内容：子グマ1頭（亜成獣）を見たという目撃情報がありました。 　その他：平成29年7月12日（水曜日）午後2時30分に市へ通報がありました。周辺に出没する可能性もありますので外出の際は注意してください。クマにご注意ください！！！,,,,https://www.city.sabae.fukui.jp/anzen_anshin/chojuhigaitaisaku/kuma-taisaku/kumasyutubotu/NoSeisaku01201707120.html
https://code4sabae.github.io/kuma/,鯖江市役所 農林振興グループTEL：0778-53-2232,痕跡情報,クマ痕跡情報　令和2年10月19日（月曜日）（莇生田町）,2020-10-19T16:20,莇生田町高雄山トンネル入り口東側の畑でクマの痕跡（糞）を確認しました,外出の際は十分に注意してください,35.944944,136.2727912,https://www.city.sabae.fukui.jp/anzen_anshin/chojuhigaitaisaku/kuma-taisaku/kumasyutubotu/NoSeisaku0120201019.html
https://code4sabae.github.io/kuma/,鯖江市役所 農林振興グループTEL：0778-53-2232,目撃情報,クマ出没情報　令和2年10月6日（火曜日）（河和田町）,2020-10-06T13:00,河和田町の山際でクマ1頭の目撃情報がありました。,外出の際は十分に注意してください。,35.950544,136.267360,https://www.city.sabae.fukui.jp/anzen_anshin/chojuhigaitaisaku/kuma-taisaku/kumasyutubotu/NoSeisaku20201006.html
https://code4sabae.github.io/kuma/,鯖江市役所 農林振興グループTEL：0778-53-2232,痕跡情報,クマ痕跡情報　令和2年10月26日（月曜日）（莇生田町）,2020-10-26T15:45,莇生田町集落東側でクマの痕跡（糞、爪痕、枝折れ）を確認しました,外出の際は十分に注意してください,35.943618,136.279304,https://www.city.sabae.fukui.jp/anzen_anshin/chojuhigaitaisaku/kuma-taisaku/kumasyutubotu/NoSeisaku20201026-3.html
https://code4sabae.github.io/kuma/,鯖江市役所 農林振興グループTEL：0778-53-2232,痕跡情報,クマ痕跡情報　令和2年11月9日（月曜日）（川島町）,2020-11-09T07:40,川島町集落東側の民家の柿の木付近および山際の柿の木付近でクマの痕跡（いずれも柿を食べた糞、爪痕）を確認しました,外出の際は十分に注意してください,35.945490,136.231542,https://www.city.sabae.fukui.jp/anzen_anshin/chojuhigaitaisaku/kuma-taisaku/kumasyutubotu/NoSeisaku20201109-1.html
https://code4sabae.github.io/kuma/,鯖江市役所 農林振興グループTEL：0778-53-2232,目撃情報,クマ出没情報　令和2年9月21日（月曜日）（別司町）,2020-09-21T04:00,別司町の称名寺東側の住宅敷地内の栗の樹でクマ1頭（大きさ不明）の目撃情報がありました。,クマが近くに潜んでいる可能性があります。外出の際は十分に注意してください。,35.9491336,136.2605784,https://www.city.sabae.fukui.jp/anzen_anshin/chojuhigaitaisaku/kuma-taisaku/kumasyutubotu/NoSeisaku0120200921.html
https://code4sabae.github.io/kuma/,鯖江市役所 農林振興グループTEL：0778-53-2232,目撃,クマ出没情報　平成29年7月25日（火曜日）,2017-07-25T06:40,【目撃】　日時：平成29年7月25日（火曜日）午前6時40分頃　場所：沢町公民館西側の山際　内容：子グマ1頭を見たという目撃情報がありました。,,,,https://www.city.sabae.fukui.jp/anzen_anshin/chojuhigaitaisaku/kuma-taisaku/kumasyutubotu/NoSeisaku0120170725.html
https://code4sabae.github.io/kuma/,鯖江市役所 農林振興グループTEL：0778-53-2232,目撃情報,クマ出没情報　平成30年12月5日（水曜日）,2018-12-05,柿の木にクマの痕跡（爪痕、糞）あり。,周辺住民の皆様は十分に注意してください。,,,https://www.city.sabae.fukui.jp/anzen_anshin/chojuhigaitaisaku/kuma-taisaku/kumasyutubotu/NoSeisaku0120181205.html
https://code4sabae.github.io/kuma/,鯖江市役所 農林振興グループTEL：0778-53-2232,目撃情報,クマ出没情報　令和2年10月15日（木曜日）（別司町）,2020-10-15T21:20,別司町と河和田町の境界付近の市道上でクマ1頭（成獣1頭）の目撃情報がありました。,外出の際は十分に注意してください。,35.948037,136.263305,https://www.city.sabae.fukui.jp/anzen_anshin/chojuhigaitaisaku/kuma-taisaku/kumasyutubotu/NoSeisaku01202010161.html
https://code4sabae.github.io/kuma/,鯖江市役所 農林振興グループTEL：0778-53-2232,目撃情報,クマ出没情報　平成30年12月13日（木曜日）,2018-12-13,柿の木にクマの痕跡（爪痕、食痕、枝折れ）あり。,クマのエサとなるような果樹等は適切に管理してください。　,,,https://www.city.sabae.fukui.jp/anzen_anshin/chojuhigaitaisaku/kuma-taisaku/kumasyutubotu/NoSeisaku0120181213.html
https://code4sabae.github.io/kuma/,鯖江市役所 農林振興グループTEL：0778-53-2232,痕跡情報,クマ出没情報　令和2年5月23日（土曜日）,2020-05-23T16:00,金谷町　ため池付近の畑で痕跡（足跡（成獣））が確認されました。,外出する際は十分注意し、目撃した際は近づかないようにしてください。,35.9632203,136.2805802,https://www.city.sabae.fukui.jp/anzen_anshin/chojuhigaitaisaku/kuma-taisaku/kumasyutubotu/NoSeisaku.html
https://code4sabae.github.io/kuma/,鯖江市役所 農林振興グループTEL：0778-53-2232,痕跡情報,クマ痕跡情報　令和2年11月16日（月曜日）（川島町） ,2020-11-16T07:25,川島町専立寺の西100m付近の市道上で、クマの痕跡（銀杏の糞）を確認しました,外出の際は十分に注意してください,35.945732,136.228353,https://www.city.sabae.fukui.jp/anzen_anshin/chojuhigaitaisaku/kuma-taisaku/kumasyutubotu/20201116.html
https://code4sabae.github.io/kuma/,鯖江市役所 農林振興グループTEL：0778-53-2232,痕跡情報,クマ痕跡情報　令和2年10月15日（木曜日）（河和田町）,2020-10-15T11:00,河和田町の天神川沿いの住宅敷地内でクマの痕跡（糞）を確認しました,外出の際は十分に注意してください。,35.950952,136.270531,https://www.city.sabae.fukui.jp/anzen_anshin/chojuhigaitaisaku/kuma-taisaku/kumasyutubotu/NoSeisaku202010152.html
https://code4sabae.github.io/kuma/,鯖江市役所 農林振興グループTEL：0778-53-2232,痕跡情報,クマ痕跡情報　令和2年10月16日（金曜日）（乙坂今北町）,2020-10-16T09:00,乙坂今北町の山際付近の柿の木でクマの痕跡（食痕、枝折れ、糞）を確認しました,外出の際は十分に注意してください,35.962513,136.232139,https://www.city.sabae.fukui.jp/anzen_anshin/chojuhigaitaisaku/kuma-taisaku/kumasyutubotu/NoSeisaku01202010162.html
https://code4sabae.github.io/kuma/,鯖江市役所 農林振興グループTEL：0778-53-2232,目撃情報,クマ出没情報　令和2年10月12日（月曜日）（別司町）,2020-10-12T15:55,別司町集落東側の民家付近で子グマ1頭の目撃情報がありました。,親クマが近くに潜んでいる可能性があります。外出の際は十分に注意してください。,35.949115,136.261891,https://www.city.sabae.fukui.jp/anzen_anshin/chojuhigaitaisaku/kuma-taisaku/kumasyutubotu/NoSeisaku01202010123.html
https://code4sabae.github.io/kuma/,鯖江市役所 農林振興グループTEL：0778-53-2232,痕跡情報,クマ痕跡情報　令和2年10月15日（木曜日）（中戸口町）,2020-10-15T07:30,中戸口町の西側の山際の道路でクマ（成獣）の痕跡（足跡）を確認しました,外出の際は十分に注意してください。,35.963784,136.245667,https://www.city.sabae.fukui.jp/anzen_anshin/chojuhigaitaisaku/kuma-taisaku/kumasyutubotu/NoSeisaku202010151.html
https://code4sabae.github.io/kuma/,鯖江市役所 農林振興グループTEL：0778-53-2232,目撃情報,クマ出没情報　令和元年10月31日（木曜日）,2019-10-31,上戸口町集落東側の南斜面の柿の木に新たなクマの痕跡（食痕、爪痕、枝折れ、糞）あり,複数のクマが柿に来ています。集落ぐるみで柿の収穫をお願いします。,35.968082,136.258244,https://www.city.sabae.fukui.jp/anzen_anshin/chojuhigaitaisaku/kuma-taisaku/kumasyutubotu/NoSeisaku0120191031.html
https://code4sabae.github.io/kuma/,鯖江市役所 農林振興グループTEL：0778-53-2232,目撃情報,クマ出没情報　令和2年10月7日（水曜日）（河和田町） ,2020-10-07T11:00,河和田町敷山神社東側でクマ1頭が栗の木に登っているという目撃情報がありました。,外出の際は十分に注意してください。,35.952271,136.271306,https://www.city.sabae.fukui.jp/anzen_anshin/chojuhigaitaisaku/kuma-taisaku/kumasyutubotu/NoSeisaku20201007-3.html
https://code4sabae.github.io/kuma/,鯖江市役所 農林振興グループTEL：0778-53-2232,目撃情報,クマ出没情報　令和2年8月3日（月曜日） ,2020-08-03T07:00,鯖江市河和田町明正寺西側山際の民家の裏庭で、　　　　　クマ3頭（親1頭、子2頭）の目撃情報がありました。,外出の際には十分注意してください。,35.95058,136.2677012,https://www.city.sabae.fukui.jp/anzen_anshin/chojuhigaitaisaku/kuma-taisaku/kumasyutubotu/NoSeisaku20200803.html
https://code4sabae.github.io/kuma/,鯖江市役所 農林振興グループTEL：0778-53-2232,目撃情報,クマ出没情報　令和2年9月7日（月曜日）,2020-09-06T11:30,上河内町の桃源清水の東800m付近の林道で、　　　　　子グマ2頭の目撃情報がありました。,入山の際は十分に注意してください。,35.942546,136.324525,https://www.city.sabae.fukui.jp/anzen_anshin/chojuhigaitaisaku/kuma-taisaku/kumasyutubotu/NoSeisaku20200907.html
https://code4sabae.github.io/kuma/,鯖江市役所 農林振興グループTEL：0778-53-2232,目撃情報,クマ出没情報　令和元年10月31日（木曜日）,2019-10-30,四方谷町地係県道徳光・鯖江線西側でクマらしきものを目撃。,クマの目撃情報や人身事故が多発しています。外出の際は十分注意してください。,35.977357,136.224105,https://www.city.sabae.fukui.jp/anzen_anshin/chojuhigaitaisaku/kuma-taisaku/kumasyutubotu/NoSeisaku01201910312.html
https://code4sabae.github.io/kuma/,鯖江市役所 農林振興グループTEL：0778-53-2232,目撃情報,クマ出没情報　令和2年9月16日（水曜日）（河和田町）,2020-09-16T09:15,河田町平和塔東側の擁壁上でクマ1頭（幼獣1頭）の目撃情報がありました。,15日午後10時に別司町内で目撃されたクマと同個体と思われます。近くに親クマもいる可能性がありますので、外出の際は十分に注意してください。,35.948729,136.267110,https://www.city.sabae.fukui.jp/anzen_anshin/chojuhigaitaisaku/kuma-taisaku/kumasyutubotu/NoSeisa20200916.html
https://code4sabae.github.io/kuma/,鯖江市役所 農林振興グループTEL：0778-53-2232,痕跡情報,クマ痕跡情報　令和2年11月9日（月曜日）（莇生田町）,2020-11-09T09:10,莇生田町集落東側の道路でクマの痕跡（糞）を確認しました,外出の際は十分に注意してください,35.945480,136.278567,https://www.city.sabae.fukui.jp/anzen_anshin/chojuhigaitaisaku/kuma-taisaku/kumasyutubotu/NoSeisaku20201109-2.html
https://code4sabae.github.io/kuma/,鯖江市役所 農林振興グループTEL：0778-53-2232,目撃情報,クマ出没情報　令和2年10月9日（金曜日）（金谷町） ,2020-10-09T14:30,金谷町妙楽寺付近で親グマ1頭、子グマ1頭の目撃情報がありました。,近くに潜んでいる可能性があります。外出の際は十分に注意してください。,35.965204,136.283998,https://www.city.sabae.fukui.jp/anzen_anshin/chojuhigaitaisaku/kuma-taisaku/kumasyutubotu/NoSeisaku20201009-2.html
https://code4sabae.github.io/kuma/,鯖江市役所 農林振興グループTEL：0778-53-2232,目撃情報,クマ出没情報　令和2年10月14日（水曜日）（中戸口町）,2020-10-14T16:20,中戸口町集落北側で子グマ1頭の目撃情報がありました。,親クマが近くに潜んでいる可能性があります。外出の際は十分に注意してください。,35.962609,136.248658,https://www.city.sabae.fukui.jp/anzen_anshin/chojuhigaitaisaku/kuma-taisaku/kumasyutubotu/NoSeisaku01202010142.html
https://code4sabae.github.io/kuma/,鯖江市役所 農林振興グループTEL：0778-53-2232,目撃情報,クマ出没情報　令和2年9月22日（火曜日）（上戸口町）,2020-09-22T10:00,上戸口町集落北側、林道坂下線の路上で親グマ1頭子グマ2頭の目撃情報がありました,外出の際は十分に注意してください。,35.975260,136.256284,https://www.city.sabae.fukui.jp/anzen_anshin/chojuhigaitaisaku/kuma-taisaku/kumasyutubotu/NoSeisaku0120200922.html
https://code4sabae.github.io/kuma/,鯖江市役所 農林振興グループTEL：0778-53-2232,目撃情報,クマ出没情報　令和2年10月9日（金曜日）（河和田町） ,2020-10-09T16:35,河和田町集落西側の民家の柿の木でクマ1頭（成獣）の目撃情報がありました。,外出の際は十分に注意してください。,35.948478,136.264121,https://www.city.sabae.fukui.jp/anzen_anshin/chojuhigaitaisaku/kuma-taisaku/kumasyutubotu/NoSeisaku20201009-3.html
https://code4sabae.github.io/kuma/,鯖江市役所 農林振興グループTEL：0778-53-2232,目撃情報,クマ出没情報　令和元年5月24日（金曜日）,2019-05-24T15:20,クマ（成獣）　1頭,周辺住民の皆様は十分に注意してください。,35.986819,136.235165,https://www.city.sabae.fukui.jp/anzen_anshin/chojuhigaitaisaku/kuma-taisaku/kumasyutubotu/NoSeisaku0120190524.html
https://code4sabae.github.io/kuma/,鯖江市役所 農林振興グループTEL：0778-53-2232,痕跡情報,クマ痕跡情報　令和2年10月26日（月曜日）（落井町）,2020-10-26T10:20,落井町集落内でクマの痕跡（糞、爪痕、枝折れ）を確認しました,外出の際は十分に注意してください,35.9548457,136.2371588,https://www.city.sabae.fukui.jp/anzen_anshin/chojuhigaitaisaku/kuma-taisaku/kumasyutubotu/NoSeisaku20201026-1.html
https://code4sabae.github.io/kuma/,鯖江市役所 農林振興グループTEL：0778-53-2232,痕跡情報,クマ痕跡情報　令和2年11月1日（日曜日）（落井町）,2020-11-01T09:00,落井町河和田川沿いの集落内の柿の木でクマの痕跡（爪痕）を確認しました,外出の際は十分に注意してください,35.953582,136.232741,https://www.city.sabae.fukui.jp/anzen_anshin/chojuhigaitaisaku/kuma-taisaku/kumasyutubotu/NoSeisaku01202011011.html
https://code4sabae.github.io/kuma/,鯖江市役所 農林振興グループTEL：0778-53-2232,痕跡情報,クマ痕跡情報　令和2年10月28日（水曜日）（莇生田町）,2020-10-28T11:30,莇生田町集落東側付近でクマの痕跡（糞）を確認しました,外出の際は十分に注意してください,35.945640,136.279130,https://www.city.sabae.fukui.jp/anzen_anshin/chojuhigaitaisaku/kuma-taisaku/kumasyutubotu/202010282.html
https://code4sabae.github.io/kuma/,鯖江市役所 農林振興グループTEL：0778-53-2232,痕跡情報,クマ痕跡情報　令和2年10月21日（水曜日）（落井町）,2020-10-21T17:00,落井町の民家の柿の木でクマの痕跡（食痕、爪痕、枝折れ、糞）を確認しました,外出の際は十分に注意してください,35.952182,136.241554,https://www.city.sabae.fukui.jp/anzen_anshin/chojuhigaitaisaku/kuma-taisaku/kumasyutubotu/NoSeisaku0120201021.html
https://code4sabae.github.io/kuma/,鯖江市役所 農林振興グループTEL：0778-53-2232,目撃情報,クマ出没情報　令和2年10月7日（水曜日）（河和田町）,2020-10-06T22:30,河和田町西側の市道でクマ1頭（成獣）の目撃情報がありました。,外出の際は十分に注意してください。,35.947781,136.265250,https://www.city.sabae.fukui.jp/anzen_anshin/chojuhigaitaisaku/kuma-taisaku/kumasyutubotu/NoSeisaku20201007-2.html
https://code4sabae.github.io/kuma/,鯖江市役所 農林振興グループTEL：0778-53-2232,目撃場所,クマ出没情報　令和元年8月1日（木曜日）,2019-08-01T18:30,中戸口町　明厳寺西側のカキの木痕跡情報　食痕、枝折れ,周辺住民の皆様は十分に注意してください。,,,https://www.city.sabae.fukui.jp/anzen_anshin/chojuhigaitaisaku/kuma-taisaku/kumasyutubotu/kuma20190801.html
https://code4sabae.github.io/kuma/,鯖江市役所 農林振興グループTEL：0778-53-2232,目撃情報,クマ出没情報　令和2年7月22日　（水曜日）,2020-07-22T20:00,鯖江市鳥羽町1字　県道徳光・鯖江線の高架付近（北鯖江PA付近）で、　　　　クマ（成獣）1頭の目撃情報がありました。,外出の際には十分注意してください。,35.9582449,136.2784892,https://www.city.sabae.fukui.jp/anzen_anshin/chojuhigaitaisaku/kuma-taisaku/kumasyutubotu/NoSeisaku0120200722.html
https://code4sabae.github.io/kuma/,鯖江市役所 農林振興グループTEL：0778-53-2232,目撃情報,クマ出没情報　令和元年6月1日（土曜日）,2019-06-01T14:00,クマ（成獣）　1頭,周辺住民の皆様は十分に注意してください。,35.970126,136.288741,https://www.city.sabae.fukui.jp/anzen_anshin/chojuhigaitaisaku/kuma-taisaku/kumasyutubotu/NoSeisaku0120190601.html
https://code4sabae.github.io/kuma/,鯖江市役所 農林振興グループTEL：0778-53-2232,痕跡情報,クマ痕跡情報　令和2年11月13日（金曜日）（川島町）,2020-11-13T08:30,川島町集落南側の2ヵ所でクマの痕跡（銀杏の糞）を確認しました,外出の際は十分に注意してください,35.945246,136.229251,https://www.city.sabae.fukui.jp/anzen_anshin/chojuhigaitaisaku/kuma-taisaku/kumasyutubotu/NoSeisaku0120201113.html
https://code4sabae.github.io/kuma/,鯖江市役所 農林振興グループTEL：0778-53-2232,目撃情報,クマ出没情報　令和2年9月30日（水曜日）（上戸口町）,2020-09-30T13:00,上戸口町の集落東側の山際で親グマ1頭の目撃情報がありました。,外出の際は十分に注意してください。,35.971976,136.256211,https://www.city.sabae.fukui.jp/anzen_anshin/chojuhigaitaisaku/kuma-taisaku/kumasyutubotu/NoSeisaku20200930.html
https://code4sabae.github.io/kuma/,鯖江市役所 農林振興グループTEL：0778-53-2232,目撃,クマ出没情報　平成30年9月27日（木曜日）,2018-09-27,くま目撃0927,,,,https://www.city.sabae.fukui.jp/anzen_anshin/chojuhigaitaisaku/kuma-taisaku/kumasyutubotu/NoSeisaku0120180928.html
https://code4sabae.github.io/kuma/,鯖江市役所 農林振興グループTEL：0778-53-2232,目撃情報,クマ出没情報　令和2年10月8日（木曜日）（別司町） ,2020-10-08T09:15,別司町集落東側民家の柿の木で子クマ1頭の目撃情報がありました。,親クマが近くに潜んでいる可能性があります。外出の際は十分に注意してください。,35.948993,136.262235,https://www.city.sabae.fukui.jp/anzen_anshin/chojuhigaitaisaku/kuma-taisaku/kumasyutubotu/NoSeisaku20201008.html
https://code4sabae.github.io/kuma/,鯖江市役所 農林振興グループTEL：0778-53-2232,痕跡情報,クマ出没情報　令和2年10月17日（土曜日）（大正寺町）,2020-10-17T10:15,大正寺町榎坂トンネル南の住宅東の柿の木にクマの痕跡（食痕、枝折れ）を確認しました,外出の際は十分に注意してください,35.985480,136.232313,https://www.city.sabae.fukui.jp/anzen_anshin/chojuhigaitaisaku/kuma-taisaku/kumasyutubotu/NoSeisaku0120201017.html
https://code4sabae.github.io/kuma/,鯖江市役所 農林振興グループTEL：0778-53-2232,痕跡情報,クマ痕跡情報　令和2年11月14日（土曜日）（川島町）,2020-11-14T14:40,川島町集落の西側の墓地付近で、クマの痕跡（柿の糞）を確認しました,外出の際は十分に注意してください,35.947576,136.223447,https://www.city.sabae.fukui.jp/anzen_anshin/chojuhigaitaisaku/kuma-taisaku/kumasyutubotu/20201114.html
https://code4sabae.github.io/kuma/,鯖江市役所 農林振興グループTEL：0778-53-2232,目撃情報,クマ出没情報　令和2年10月12日（月曜日）（上河内町）,2020-10-12T12:20,上河内町桃源清水の南500メートル付近の林道で子クマ1頭（亜成獣1頭）の目撃情報がありました。,入山の際は十分に注意してください。,35.9386338,136.3215924,https://www.city.sabae.fukui.jp/anzen_anshin/chojuhigaitaisaku/kuma-taisaku/kumasyutubotu/NoSeisaku01202010122.html
https://code4sabae.github.io/kuma/,鯖江市役所 農林振興グループTEL：0778-53-2232,目撃情報,クマ出没情報　令和2年9月15日（火曜日）,2020-09-15T17:30,別司町集落北側の山際でクマ1頭（成獣1頭）の目撃情報がありました。,外出の際は十分に注意してください。,35.950173,136.257017,https://www.city.sabae.fukui.jp/anzen_anshin/chojuhigaitaisaku/kuma-taisaku/kumasyutubotu/NoSeisaku0120200915.html
https://code4sabae.github.io/kuma/,鯖江市役所 農林振興グループTEL：0778-53-2232,痕跡情報,クマ痕跡情報　令和2年10月16日（金曜日）（西袋町）,2020-10-16T10:00,西袋町北側の山際付近の柿の木でクマの痕跡（食痕、枝折れ）を確認しました,外出の際は十分に注意してください,35.960436,136.270323,https://www.city.sabae.fukui.jp/anzen_anshin/chojuhigaitaisaku/kuma-taisaku/kumasyutubotu/NoSeisaku01202010163.html
https://code4sabae.github.io/kuma/,鯖江市役所 農林振興グループTEL：0778-53-2232,目撃情報,クマ出没情報　令和2年9月13日（日曜日）,2020-09-13T17:30,西袋町（椿坂）集落東側の山際でクマ1頭（成獣1頭）の目撃情報がありました。,入山の際は十分に注意してください。,35.9598694,136.2757149,https://www.city.sabae.fukui.jp/anzen_anshin/chojuhigaitaisaku/kuma-taisaku/kumasyutubotu/NoSeisaku0913.html
https://code4sabae.github.io/kuma/,鯖江市役所 農林振興グループTEL：0778-53-2232,痕跡情報,クマ痕跡情報　令和2年10月24日（土曜日）（別司町）,2020-10-24T15:00,別司町29字の空き家がクマに荒らされていることを確認しました,外出の際は十分に注意してください,35.950366,136.256817,https://www.city.sabae.fukui.jp/anzen_anshin/chojuhigaitaisaku/kuma-taisaku/kumasyutubotu/NoSeisaku01202010241.html
https://code4sabae.github.io/kuma/,鯖江市役所 農林振興グループTEL：0778-53-2232,目撃情報,クマ出没情報　令和元年5月19日（日曜日）,2019-05-19,クマ（成獣）　1頭,周辺住民の皆様は十分に注意してください。,,,https://www.city.sabae.fukui.jp/anzen_anshin/chojuhigaitaisaku/kuma-taisaku/kumasyutubotu/NoSeisaku0120190519.html
https://code4sabae.github.io/kuma/,鯖江市役所 農林振興グループTEL：0778-53-2232,痕跡情報,クマ痕跡情報　令和2年11月22日（日曜日）（中野町原） ,2020-11-22T10:30,中野町原の日吉神社の境内で、クマの痕跡（古い柿の糞）が確認されました,外出の際は十分に注意してください,35.946119,136.221808,https://www.city.sabae.fukui.jp/anzen_anshin/chojuhigaitaisaku/kuma-taisaku/kumasyutubotu/NoSeisaku0120201122.html
https://code4sabae.github.io/kuma/,鯖江市役所 農林振興グループTEL：0778-53-2232,痕跡情報,クマ痕跡情報　令和2年10月15日（木曜日）（西袋町）,2020-10-15T14:00,西袋町、西袋町椿坂の境界付近の柿の木でクマの痕跡（食痕、枝折れ）を確認しました,外出の際は十分に注意してください,35.9594826,136.2716603,https://www.city.sabae.fukui.jp/anzen_anshin/chojuhigaitaisaku/kuma-taisaku/kumasyutubotu/NoSeisaku01202010152.html
https://code4sabae.github.io/kuma/,鯖江市役所 農林振興グループTEL：0778-53-2232,目撃情報,クマ出没情報　平成31年4月27日（土曜日）,2019-04-27,クマ（成獣）　1頭,周辺住民の皆様は十分に注意してください。,,,https://www.city.sabae.fukui.jp/anzen_anshin/chojuhigaitaisaku/kuma-taisaku/kumasyutubotu/NoSeisaku0120190427.html
https://code4sabae.github.io/kuma/,鯖江市役所 農林振興グループTEL：0778-53-2232,痕跡情報,クマ痕跡情報　令和2年10月27日（火曜日）（沢町）,2020-10-27T11:00,沢町北側の山際民家の柿の木でクマの痕跡（爪痕、枝折れ）を確認しました,外出の際は十分に注意してください,35.950948,136.299010,https://www.city.sabae.fukui.jp/anzen_anshin/chojuhigaitaisaku/kuma-taisaku/kumasyutubotu/NoSeisaku20201027-2.html
https://code4sabae.github.io/kuma/,鯖江市役所 農林振興グループTEL：0778-53-2232,目撃情報,クマ出没情報　令和2年10月15日（木曜日）（中戸口町）,2020-10-14T20:00,中戸口町集落北側で子グマ1頭の目撃情報がありました。,親クマが近くに潜んでいる可能性があります。外出の際は十分に注意してください。,35.961047,136.249803,https://www.city.sabae.fukui.jp/anzen_anshin/chojuhigaitaisaku/kuma-taisaku/kumasyutubotu/NoSeisaku20201015.html
https://code4sabae.github.io/kuma/,鯖江市役所 農林振興グループTEL：0778-53-2232,目撃,クマ出没情報（令和元年12月9日現在）,2019-10-25T06:00,農林振興グループTEL：0778-53-2232　0778-53-2233FAX：0778-51-8153農地管理グループTEL：0778-53-2234FAX：0778-51-8153鳥獣害のない里づくり推進センターTEL：0778-51-2110,,,,https://www.city.sabae.fukui.jp/anzen_anshin/chojuhigaitaisaku/kuma-taisaku/kumasyutubotu/kuma2019.html
https://code4sabae.github.io/kuma/,鯖江市役所 農林振興グループTEL：0778-53-2232,目撃情報,クマ出没情報　令和2年10月9日（金曜日）（金谷町） ,2020-10-09T18:05,金谷町円光寺付近で子グマ1頭の目撃情報がありました。,近くに潜んでいる可能性があります。外出の際は十分に注意してください。,35.965204,136.283998,https://www.city.sabae.fukui.jp/anzen_anshin/chojuhigaitaisaku/kuma-taisaku/kumasyutubotu/NoSeisaku20201009-4.html
https://code4sabae.github.io/kuma/,鯖江市役所 農林振興グループTEL：0778-53-2232,痕跡情報,クマ痕跡情報　令和2年10月22日（木曜日）（片山町） ,2020-10-22T15:50,片山町の河和田川沿いの住宅の柿の木でクマの痕跡（枝折れ、爪跡）を確認しました,外出の際は十分に注意してください,35.951956,136.279065,https://www.city.sabae.fukui.jp/anzen_anshin/chojuhigaitaisaku/kuma-taisaku/kumasyutubotu/NoSeisaku20201022-1.html
https://code4sabae.github.io/kuma/,鯖江市役所 農林振興グループTEL：0778-53-2232,目撃情報,クマ出没情報　令和2年10月10日（土曜日）（金谷町）,2020-10-10T12:30,金谷町集落北側の柿の木に、クマ1頭の目撃情報がありました。,近くに潜んでいる可能性があります。外出の際は十分に注意してください。,35.966395,136.284433,https://www.city.sabae.fukui.jp/anzen_anshin/chojuhigaitaisaku/kuma-taisaku/kumasyutubotu/NoSeisaku0120201010.html
https://code4sabae.github.io/kuma/,鯖江市役所 農林振興グループTEL：0778-53-2232,痕跡情報,クマ痕跡情報　令和2年11月1日（日曜日）（尾花町）,2020-11-01T13:30,尾花町山際の民家の柿の木でクマの痕跡（爪痕、糞）を確認しました,外出の際は十分に注意してください,35.954504,136.293786,https://www.city.sabae.fukui.jp/anzen_anshin/chojuhigaitaisaku/kuma-taisaku/kumasyutubotu/201101132201524.html
https://code4sabae.github.io/kuma/,鯖江市役所 農林振興グループTEL：0778-53-2232,痕跡情報,クマ痕跡情報　令和2年11月2日（月曜日）（寺中町）,2020-11-02T11:50,寺中町の貯水池近くの柿の木でクマの痕跡（食痕、枝折れ、糞）を確認しました,外出の際は十分に注意してください,35.958705,136.290392,https://www.city.sabae.fukui.jp/anzen_anshin/chojuhigaitaisaku/kuma-taisaku/kumasyutubotu/NoSeisaku0120201102.html
https://code4sabae.github.io/kuma/,鯖江市役所 農林振興グループTEL：0778-53-2232,目撃,クマ出没情報　平成29年6月29日（木曜日）,2017-06-29T17:15,【目撃】　日時：平成29年6月29日（木曜日）　午後5時15分頃　場所：鳥羽1丁目 浅水川 鳥羽橋北側　内容：クマ1頭（亜成獣）の目撃情報がありました。 　周辺に出没する可能性もありますので外出の際は注意してください。,,,,https://www.city.sabae.fukui.jp/anzen_anshin/chojuhigaitaisaku/kuma-taisaku/kumasyutubotu/NoSeisaku012019126.html
https://code4sabae.github.io/kuma/,鯖江市役所 農林振興グループTEL：0778-53-2232,痕跡情報,クマ痕跡情報　令和2年11月6日（金曜日）（北中町）,2020-11-06T09:30,河和田小学校東の河和田川近くの道路でクマの痕跡（柿の食べた糞）を確認しました,外出の際は十分に注意してください,35.953309,136.280878,https://www.city.sabae.fukui.jp/anzen_anshin/chojuhigaitaisaku/kuma-taisaku/kumasyutubotu/NoSeisaku01202011061.html
https://code4sabae.github.io/kuma/,鯖江市役所 農林振興グループTEL：0778-53-2232,痕跡情報,クマ痕跡情報　令和2年10月19日（月曜日）（乙坂今北町）,2020-10-19T09:00,乙坂今北町山際の柿および栗の木でクマの痕跡（食痕、爪痕、枝折れ、糞）を確認しました,外出の際は十分に注意してください,35.963103,136.232925,https://www.city.sabae.fukui.jp/anzen_anshin/chojuhigaitaisaku/kuma-taisaku/kumasyutubotu/NoSeisaku20201019.html
https://code4sabae.github.io/kuma/,鯖江市役所 農林振興グループTEL：0778-53-2232,目撃情報,クマ出没情報 令和2年10月7日（水曜日）,2020-10-07,上戸口町集落東側公民館近くの柿の木に登る子グマ1頭,親グマが近くにいる可能性があります、十分気を付けてください。,35.971356,136.255844,https://www.city.sabae.fukui.jp/anzen_anshin/chojuhigaitaisaku/kuma-taisaku/kumasyutubotu/NoSeisaku0120201007.html
https://code4sabae.github.io/kuma/,鯖江市役所 農林振興グループTEL：0778-53-2232,痕跡情報,クマ出没情報　令和2年10月18日（日曜日）（河和田町）,2020-10-18T12:30,河和田町大門橋北側付近でクマの痕跡（糞）を確認しました,外出の際は十分に注意してください,35.950983,136.270014,https://www.city.sabae.fukui.jp/anzen_anshin/chojuhigaitaisaku/kuma-taisaku/kumasyutubotu/NoSeisaku20201018.html
https://code4sabae.github.io/kuma/,鯖江市役所 農林振興グループTEL：0778-53-2232,目撃情報,クマ出没情報　平成31年3月4日（月曜日）,2019-03-04,亜成獣（子グマ）　1頭,周辺住民の皆様は十分に注意してください。,,,https://www.city.sabae.fukui.jp/anzen_anshin/chojuhigaitaisaku/kuma-taisaku/kumasyutubotu/NoSeisaku0120190304.html
https://code4sabae.github.io/kuma/,鯖江市役所 農林振興グループTEL：0778-53-2232,痕跡情報,クマ痕跡情報　令和2年11月16日（月曜日）（莇生田町） ,2020-11-16T15:40,莇生田スキー場南側の砂防堰堤山側に仕掛けられた監視カメラに、クマの映像が確認されました,外出の際は十分に注意してください,35.9432517,136.2801511,https://www.city.sabae.fukui.jp/anzen_anshin/chojuhigaitaisaku/kuma-taisaku/kumasyutubotu/NoSeisaku01202011172.html
https://code4sabae.github.io/kuma/,鯖江市役所 農林振興グループTEL：0778-53-2232,痕跡情報,クマ痕跡情報　令和2年10月11日（日曜日）（西袋町）,2020-10-11T08:30,西袋町うるしの里会館西側の川沿い付近の柿の木で、クマの痕跡情報がありました。,外出の際は十分に注意してください。,35.9540889,136.2731728,https://www.city.sabae.fukui.jp/anzen_anshin/chojuhigaitaisaku/kuma-taisaku/kumasyutubotu/NoSeisaku0120201011.html
https://code4sabae.github.io/kuma/,鯖江市役所 農林振興グループTEL：0778-53-2232,目撃情報,クマ出没情報　令和2年7月13日（月曜日） ,2020-07-13T06:00,鯖江市西袋町の中山公園内勤労者野外活動施設トイレ横で、子グマ（亜成獣）1頭の目撃情報がありました。,親グマも近くにいる可能性がありますので、外出の際には十分注意してください。,35.9582449,136.2784892,https://www.city.sabae.fukui.jp/anzen_anshin/chojuhigaitaisaku/kuma-taisaku/kumasyutubotu/NoSeisaku0713.html
https://code4sabae.github.io/kuma/,鯖江市役所 農林振興グループTEL：0778-53-2232,目撃,3月4日の長泉寺山遊歩道でのクマ目撃情報後のカメラによる調査状況について　令和2年3月19日（木曜日） ,2020-03-04, 3月4日水曜日の午前8時30分頃に長泉寺山遊歩道（西山公園北側の山中）においてクマ1頭を目撃したとの情報が、同日午前9時30分頃市へ寄せられました。長泉寺山にはクマは生息していませんが、目撃者の方が複数おられること、現地にて立会いただきクマを否定することができないことから、クマを想定し、万一に備えた対応をしてきました。,,,,https://www.city.sabae.fukui.jp/anzen_anshin/chojuhigaitaisaku/kuma-taisaku/kumasyutubotu/NoSeisaku0120200319.html
https://code4sabae.github.io/kuma/,鯖江市役所 農林振興グループTEL：0778-53-2232,目撃情報,クマ出没情報　令和2年9月16日（水曜日）（金谷町）,2020-09-16T14:40,金谷町の金谷トンネル手前のカーブ付近で小クマ1頭（亜成獣1頭）の目撃情報がありました。,近くに親クマもいる可能性がありますので、外出の際は十分に注意してください。,35.965816,136.286915,https://www.city.sabae.fukui.jp/anzen_anshin/chojuhigaitaisaku/kuma-taisaku/kumasyutubotu/NoSeisaku20200916.html
https://code4sabae.github.io/kuma/,鯖江市役所 農林振興グループTEL：0778-53-2232,目撃情報,クマ出没情報　令和元年6月27日（木曜日）,2019-06-27T05:10,クマ（成獣）　1頭、クマ（幼獣）1頭　計2頭,周辺住民の皆様は十分に注意してください。,35.950908,136.278563,https://www.city.sabae.fukui.jp/anzen_anshin/chojuhigaitaisaku/kuma-taisaku/kumasyutubotu/NoSeisaku0120190627.html